"year","assimilated_energy","length","jd"
1979,0.178521732398696,4,141
1979,0.20262212248369,4.11532691289366,142
1979,0.230558137260455,4.24388615235292,143
1979,0.262213870513268,4.38720613526237,144
1979,0.297211021333822,4.54644596586937,145
1979,0.334789619022557,4.72220642881592,146
1979,0.374020920842998,4.91430531514044,147
1979,0.413554378130833,5.12172982413855,148
1979,0.451975082087351,5.34250066509258,149
1979,0.487983551672731,5.57380362722072,150
1979,0.548642913643863,5.812247095112,151
1979,0.580372865888426,6.06724852323147,152
1979,0.607403540597655,6.32219799119585,153
1979,0.6299061502657,6.57353592554738,154
1979,0.648316167742407,6.81835329937077,155
1979,0.663194810026326,7.05445394741964,156
1979,0.675126653826257,7.28031495505006,157
1979,0.684658030501344,7.49499105364127,158
1979,0.692267929917246,7.69799995837524,159
1979,0.698360094448112,7.88921162954412,160
1979,0.703266818502896,8.06875256045144,161
1979,0.707258052812313,8.23692843984642,162
1979,0.710552074221737,8.39416438951661,163
1979,0.713325902208111,8.54096022527419,164
1979,0.715724505306264,8.67785779021081,165
1979,0.71786889127656,8.8054175876039,166
1979,0.719863028749965,8.92420244654703,167
1979,0.721654505348132,9.03476639006692,168
1979,0.723152497627259,9.13762659013079,169
1979,0.724388827732731,9.23326194375369,170
1979,0.725389413129913,9.32213308118876,171
1979,0.726175419769347,9.40468035652168,172
1979,0.726764173700492,9.48132269696826,173
1979,0.727169892919883,9.55245708523076,174
1979,0.727404285485684,9.61845850602125,175
1979,0.727477047411245,9.67968022977004,176
1979,0.727396284420146,9.73645433761748,177
1979,0.727168874842761,9.78909241501142,178
1979,0.726800786192793,9.83788635874589,179
1979,0.726297354736014,9.88310925560342,180
1979,0.725663535189164,9.92501630098315,181
1979,0.72490412620332,9.96384573377733,182
1979,0.724023976228655,9.99981976985285,183
1979,0.723028173542957,10.0331455212098,184
1979,0.72192222353272,10.0640158915303,185
1979,0.720712215664914,10.092610441633,186
1979,0.719404981930744,10.1190962204907,187
1979,0.718008247849508,10.1436285590992,188
1979,0.716530776372176,10.1663518257088,189
1979,0.714982504209282,10.1874001418464,190
1979,0.713374669220333,10.2068980592257,191
1979,0.711719926542276,10.2249611981341,192
1979,0.710032450109811,10.2416968482263,193
1979,0.708328015147868,10.257204532899,194
1979,0.706624056127149,10.2715765385791,195
1979,0.666459394259117,10.2848984103631,196
1979,0.664909405203524,10.2965752154572,197
1979,0.663421631912465,10.3074484619749,198
1979,0.661955173382781,10.3175760242791,199
1979,0.660409403333914,10.3270108009148,200
1979,0.658797028934017,10.3358004643337,201
1979,0.657116175919296,10.3439896075765,202
1979,0.655364894594918,10.3516197352115,203
1979,0.653541180859173,10.3587294760024,204
1979,0.651643001708283,10.3653547813546,205
1979,0.649668326372676,10.371529110437,206
1979,0.647615164423402,10.3772836028313,207
1979,0.645481612391546,10.3826472395154,208
1979,0.64326591066139,10.3876469929464,209
1979,0.640966512623985,10.3923079669626,210
1979,0.638582168302552,10.3966535271819,211
1979,0.599594119865599,10.400705422537,212
1980,0.199361295200513,4,141
1980,0.226107038594361,4.12878948919569,142
1980,0.257605559287669,4.27194498834671,143
1980,0.294295152746417,4.43135542939264,144
1980,0.336499837332798,4.60877860579064,145
1980,0.384331840040372,4.80567564242789,146
1980,0.437515478362728,5.02299336482797,147
1980,0.495558379111011,5.26087541287529,148
1980,0.557318539700509,5.51852758957521,149
1980,0.621314457382157,5.79393085796543,150
1980,0.722502573505399,6.08384700099106,151
1980,0.791763380861562,6.4000327647618,152
1980,0.857811321291744,6.72149441354619,153
1980,0.919305641141595,7.04219665881106,154
1980,0.975438021306833,7.35640689702983,155
1980,1.02587960939335,7.65915340675758,156
1980,1.07066218641895,7.94649731529458,157
1980,1.11004668153936,8.21561978096255,158
1980,1.14441178852212,8.46476811343803,159
1980,1.17417414708481,8.69311681436584,160
1980,1.19973822016391,8.90059199424673,161
1980,1.22146867673527,9.08769272523227,162
1980,1.23967763047221,9.25532858086597,163
1980,1.25462061820548,9.40468201355935,164
1980,1.26649708098338,9.53709755251251,165
1980,1.2754526639531,9.65399617124341,166
1980,1.28158173403065,9.75681153144897,167
1980,1.28492918892151,9.84694433261845,168
1980,1.2851802090197,9.92573113138044,169
1980,1.28246637912398,9.99440779825644,170
1980,1.27770318547459,10.0541318935354,171
1980,1.27173687891706,10.1060032015593,172
1980,1.26502521576336,10.1510356280691,173
1980,1.2575901101448,10.1901336779003,174
1980,1.24915064465717,10.2240849993395,175
1980,1.23929788449896,10.2535674479406,176
1980,1.22762898272582,10.2791635981171,177
1980,1.2138210139475,10.3013764841192,178
1980,1.19765747551914,10.3206432800728,179
1980,1.17902745103103,10.3373460124241,180
1980,1.15791318772909,10.3518196293293,181
1980,1.13437549647454,10.3643581305714,182
1980,1.10854146582642,10.3752194162883,183
1980,1.08059600489694,10.3846293307937,184
1980,1.05077720210164,10.3927851971324,185
1980,1.01937481802533,10.3998590043396,186
1980,0.986730993538893,10.4060003253484,187
1980,0.953242198356188,10.4113389973389,188
1980,0.919361444705694,10.4159875746841,189
1980,0.885599796380973,10.4200435569942,190
1980,0.852526209918017,10.4235913940286,191
1980,0.82076477187833,10.4267042712295,192
1980,0.790988476714388,10.4294456820994,193
1980,0.763908857056521,10.4318707956518,194
1980,0.740261052853818,10.4340276284735,195
1980,0.681905498187899,10.4359580317626,196
1980,0.668120696820242,10.4376046240756,197
1980,0.659597209107113,10.4391079180872,198
1980,0.653965084804476,10.4404928771117,199
1980,0.648385752674522,10.4417754388567,200
1980,0.642880660387699,10.4429638988929,201
1980,0.637448257778621,10.4440658645614,202
1980,0.632087575474707,10.4450882739057,203
1980,0.626798194261376,10.4460374599762,204
1980,0.621580221065974,10.4469192083375,205
1980,0.616434270679173,10.4477388085808,206
1980,0.611361452501906,10.4485011005339,207
1980,0.606363361745,10.4492105157717,208
1980,0.601442074624087,10.4498711149544,209
1980,0.596600147189667,10.4504866214539,210
1980,0.591840617515504,10.4510604516732,211
1980,0.55380619385058,10.4515957424125,212
1981,0.110742657542908,4,141
1981,0.11375624072113,4.07154091912765,142
1981,0.116397388962095,4.14421482201723,143
1981,0.118626231002208,4.2177301341205,144
1981,0.120403006661896,4.29178107393021,145
1981,0.121662841109388,4.36604954812493,146
1981,0.122421949170769,4.44019155765361,147
1981,0.122624719350506,4.51388851090906,148
1981,0.122240977456111,4.58680382323577,149
1981,0.121250114882305,4.65859963042099,150
1981,0.12537326325113,4.72894294919116,151
1981,0.123247103944116,4.80079639754276,152
1981,0.120464843766378,4.87054573660766,153
1981,0.117050054257798,4.93788027446455,154
1981,0.113044976437574,5.00251794437112,155
1981,0.10851359629961,5.0642132239299,156
1981,0.103544976269122,5.12276598568233,157
1981,0.0982566975780995,5.17803144942593,158
1981,0.0927980014302556,5.2299313593773,159
1981,0.0873516947304406,5.27846632510441,160
1981,0.0821330061205391,5.3237288167283,161
1981,0.077382410592615,5.36591541804957,162
1981,0.0733486895296044,5.40533548472675,163
1981,0.070260306229162,5.4424115564153,164
1981,0.0682913570107831,5.47766602392529,165
1981,0.0675442099002374,5.51169177554209,166
1981,0.0680811132752142,5.5451154414225,167
1981,0.0694952435107223,5.57857723723857,168
1981,0.0713569065294541,5.61250153301834,169
1981,0.0737485111768627,5.64709253148144,170
1981,0.0767755167999881,5.68258778156934,171
1981,0.080531410877964,5.71926741660882,172
1981,0.085075275657089,5.75744605022007,173
1981,0.0904252310836853,5.79745405052715,174
1981,0.0965633581932571,5.83961617912231,175
1981,0.103445918198522,5.8842331704399,176
1981,0.111014092908376,5.93156869632287,177
1981,0.119202751767605,5.98184183087435,178
1981,0.127946489884488,6.03522395968747,179
1981,0.137183130372731,6.09183875890213,180
1981,0.146855249083336,6.15176400207893,181
1981,0.156910326491104,6.21503425053007,182
1981,0.167300046753271,6.28164379363015,183
1981,0.177979147158751,6.35154946847919,184
1981,0.188904113827558,6.42467318872271,185
1981,0.200031932891086,6.50090415498918,186
1981,0.211319039097363,6.58010081396221,187
1981,0.222720550856224,6.66209268874566,188
1981,0.234189837537642,6.74668222726691,189
1981,0.245678428386316,6.83364681391564,190
1981,0.257136241467373,6.92274106770952,191
1981,0.268512085661845,7.01369951330611,192
1981,0.27975436964642,7.10623966475893,193
1981,0.290811939903557,7.20006551191384,194
1981,0.301634965633287,7.29487135151985,195
1981,0.29685646705723,7.39034586459137,196
1981,0.306230469516446,7.48147364856935,197
1981,0.315265495610536,7.57268841507093,198
1981,0.324264558292794,7.66371869587804,199
1981,0.333434099029099,7.7543955915532,200
1981,0.342825058894194,7.84461316810346,201
1981,0.352424214376818,7.93427878086288,202
1981,0.362191957354783,8.02329501154636,203
1981,0.372067879088318,8.11155430803957,204
1981,0.381980114952834,8.19893633404021,205
1981,0.391854013141199,8.28530847920739,206
1981,0.401618276982673,8.37052875208379,207
1981,0.411208493400557,8.45444995170851,208
1981,0.420568678328314,8.5369241891326,209
1981,0.429651554636489,8.61780714863161,210
1981,0.438418119076604,8.69696176050739,211
1981,0.422630408222908,8.77426115302582,212
1982,0.0587303535661852,4,141
1982,0.0733810809601784,4.03794042483755,142
1982,0.0880587099746283,4.08506696240698,143
1982,0.101997945618906,4.14120472461771,144
1982,0.114748313976396,4.20565620887569,145
1982,0.126110215635238,4.27742495378002,146
1982,0.136124369612872,4.35539486465883,147
1982,0.144941054109277,4.43849484599859,148
1982,0.152811195224603,4.52577269773444,149
1982,0.160029646665112,4.61645593832011,150
1982,0.176152021748184,4.70997164713754,151
1982,0.183462446430586,4.81126140797577,152
1982,0.190957929413791,4.91489647373158,153
1982,0.198855008320782,5.02078662680214,154
1982,0.207315018276125,5.12895019604288,155
1982,0.216444658658086,5.23947304077514,156
1982,0.226299179881674,5.35247083014875,157
1982,0.236886807786653,5.46805617162085,158
1982,0.248173627937522,5.58631122180029,159
1982,0.260088665861201,5.70726592918311,160
1982,0.272528815309532,5.83088188544093,161
1982,0.285364505656556,5.95704155347224,162
1982,0.298445118995975,6.08554299976663,163
1982,0.311604955074207,6.21609966624435,164
1982,0.324669269011875,6.34834497413389,165
1982,0.337460157929855,6.48184118503023,166
1982,0.349801929592234,6.61609173720902,167
1982,0.361793672714017,6.75055606148006,168
1982,0.373604375690737,6.88476519349083,169
1982,0.385172002487991,7.01834145162573,170
1982,0.396438148453986,7.15090854588679,171
1982,0.407350800802009,7.28209771581495,172
1982,0.417866381723047,7.41155409540229,173
1982,0.427951060553598,7.5389427873311,174
1982,0.437581372253152,7.66395423231537,175
1982,0.446744219562988,7.78630857956006,176
1982,0.455436361516695,7.90575888728506,177
1982,0.463663500556232,8.02209309542623,178
1982,0.471439076162435,8.13513480697882,179
1982,0.478782858161861,8.24474298508338,180
1982,0.485718632935132,8.35081071890475,181
1982,0.492275653346944,8.45326307042902,182
1982,0.498482461343783,8.55205501066428,183
1982,0.504368141823543,8.64716795417545,184
1982,0.509959862648277,8.73860672106254,185
1982,0.515281110139187,8.82639622161032,186
1982,0.520349911360274,8.91057814684647,187
1982,0.525177083735379,8.99120776083395,188
1982,0.529764589256076,9.06835087557046,189
1982,0.534104118022662,9.14208107865879,190
1982,0.538176079292346,9.21247727692645,191
1982,0.541949228355871,9.27962161441576,192
1982,0.545381189958259,9.34359781823839,193
1982,0.548420134452988,9.40449001759548,194
1982,0.551007800539987,9.46238206645988,195
1982,0.523832545180746,9.51735737617168,196
1982,0.525151558474094,9.56674156280165,197
1982,0.525907723073334,9.6136566808339,198
1982,0.526104926032194,9.65817204955346,199
1982,0.525702830491613,9.70036213500678,200
1982,0.524754540771664,9.74030203036124,201
1982,0.5232715817075,9.77807401594011,202
1982,0.521255179545309,9.81376275702728,203
1982,0.518697261773044,9.84745367913311,204
1982,0.515581145190272,9.87923173331385,205
1982,0.511882004506714,9.90918046165637,206
1982,0.507567203504523,9.93738129531077,207
1982,0.502596571967149,9.96391303417996,208
1982,0.496922724175424,9.98885147027545,209
1982,0.490491540213906,10.0122691270646,210
1982,0.483242972226399,10.0342350958105,211
1982,0.448931945707669,10.0548149577058,212
1983,0.189547482967827,4,141
1983,0.19777869384892,4.1224496634876,142
1983,0.205718751571453,4.24779498214849,143
1983,0.213276444600858,4.37559384745034,144
1983,0.220358591951832,4.50536213717224,145
1983,0.226837988127557,4.6365800115596,146
1983,0.232694182089836,4.76867967987108,147
1983,0.23781409109195,4.90111583491958,148
1983,0.242118506492053,5.03331642953669,149
1983,0.245541604464585,5.16470902294109,150
1983,0.260762391706793,5.29473302440716,151
1983,0.262905509468601,5.42942649840519,152
1983,0.263965408867791,5.56168580679702,153
1983,0.263925790133155,5.69098712825512,154
1983,0.262791801672179,5.81685644745326,155
1983,0.260593695553855,5.93887721167564,156
1983,0.257390822281957,6.05669755641329,157
1983,0.253276745655798,6.17003722165846,158
1983,0.248385362308872,6.27869466119946,159
1983,0.242898471450608,6.38255477240243,160
1983,0.23705575930309,6.48159784318548,161
1983,0.231168891712597,6.57591064573241,162
1983,0.225641281637389,6.66570113521497,163
1983,0.220991345105139,6.7513185494224,164
1983,0.21786594766481,6.83327951918052,165
1983,0.217014922042587,6.91229569534842,166
1983,0.219198935054422,6.98928845044745,167
1983,0.22393027280178,7.06536837871377,168
1983,0.230344061954639,7.14138680758753,169
1983,0.238527497039952,7.21783150955846,170
1983,0.248534600551849,7.29516864664375,171
1983,0.260379913130916,7.37382826488496,172
1983,0.274035698490547,7.45418871066216,173
1983,0.289432459922174,7.5365615465613,174
1983,0.306461879869722,7.62117838274538,175
1983,0.324981115174645,7.70818066031314,176
1983,0.344817609243132,7.79761300309198,177
1983,0.365773983073374,7.88942041421299,178
1983,0.387632923382456,7.98344936676676,179
1983,0.410162183423139,8.07945269154841,180
1983,0.433119838462138,8.17709804478834,181
1983,0.456259843142797,8.27597960342078,182
1983,0.479337360165797,8.37563247268049,183
1983,0.502116168768545,8.47554902662148,184
1983,0.524371565027447,8.57519678881897,185
1983,0.54589662967816,8.6740360135845,186
1983,0.566505499965738,8.7715369154066,187
1983,0.586035835261194,8.86719522383946,188
1983,0.604350007375672,8.96054544261211,189
1983,0.621335059926427,9.05117132315147,190
1983,0.636901581588367,9.13871330971984,191
1983,0.65098170536868,9.22287295291595,192
1983,0.663526476831848,9.30341449310678,193
1983,0.674502832316846,9.38016396813504,194
1983,0.683890401834036,9.45300629390984,195
1983,0.655914291259979,9.52188080505373,196
1983,0.661504218670317,9.58342026821719,197
1983,0.66561992749294,9.64141333042299,198
1983,0.668481493848678,9.6959070767348,199
1983,0.670221923705147,9.74699229099491,200
1983,0.671003677218344,9.79478666547882,201
1983,0.670942191506056,9.83942976769326,202
1983,0.670153448424466,9.88107348506723,203
1983,0.668750104055813,9.91987747903448,204
1983,0.666838784750227,9.95600519744543,205
1983,0.664518339466012,9.98962052475091,206
1983,0.661878845291039,10.0208850783165,207
1983,0.659001190154682,10.0499561131283,208
1983,0.655957086426889,10.0769849709512,209
1983,0.65280939575164,10.102115998128,210
1983,0.649612668401684,10.1254858539166,211
1983,0.610100237245294,10.1472231349567,212
1985,0.151475351674486,4,141
1985,0.16030512319483,4.09785466706701,142
1985,0.169471361829345,4.19984479876751,143
1985,0.178960073338019,4.30593828026051,144
1985,0.188750869079035,4.41607329229457,145
1985,0.1987731467576,4.53015491529663,146
1985,0.209076835497987,4.64802639834674,147
1985,0.219585306298413,4.76954349768035,148
1985,0.230247650526635,4.89449986585169,149
1985,0.241013574271719,5.02264661552036,150
1985,0.264186369193656,5.15369674257603,151
1985,0.27636120925529,5.29388481461809,152
1985,0.288513363215953,5.43665909928377,153
1985,0.30058524516231,5.58159222530462,154
1985,0.312529386021076,5.7282331199432,155
1985,0.324313978803938,5.87611802003354,156
1985,0.335923228625546,6.02478312436212,157
1985,0.347361101687951,6.17377588746421,158
1985,0.358651668649767,6.32266628634752,159
1985,0.369838693438068,6.47105621477167,160
1985,0.380984166113364,6.61858667237127,161
1985,0.39216602624075,6.76494243651342,162
1985,0.403475380296906,6.90985415682837,163
1985,0.415013522106109,7.05309803612428,164
1985,0.426889028650978,7.19449343045603,165
1985,0.439215140739179,7.33389880383588,166
1985,0.452107565916785,7.47120651152181,167
1985,0.465390373190194,7.6063368717532,168
1985,0.478758555679336,7.73914849131195,169
1985,0.49212836268467,7.86941661021349,170
1985,0.505405810750408,7.99691173179416,171
1985,0.518485607258948,8.12140294884779,172
1985,0.531256579240638,8.24266128209278,173
1985,0.543609891426531,8.36046443639116,174
1985,0.555452260643812,8.47460297209854,175
1985,0.566706744764515,8.5848881288678,176
1985,0.577319605835484,8.69115793147766,177
1985,0.587259187635152,8.79328271160269,178
1985,0.596513520634941,8.89116837955529,179
1985,0.60508677314026,8.98475756788069,180
1985,0.612995382681496,9.07402888715653,181
1985,0.620264404804153,9.15899471042636,182
1985,0.626924359387781,9.23969794788,183
1985,0.63300867290302,9.31620823630657,184
1985,0.638551704706801,9.3886178910069,185
1985,0.643587288795104,9.45703788045458,186
1985,0.648147700693312,9.52159400267501,187
1985,0.65226295760688,9.58242337458158,188
1985,0.655960368495388,9.63967129325579,189
1985,0.659264263147219,9.69348849029214,190
1985,0.662195842114763,9.74402877449399,191
1985,0.664773100745229,9.79144704176194,192
1985,0.667010789740498,9.83589762152644,193
1985,0.668920381456698,9.87753292450614,194
1985,0.670510015485118,9.916502355327,195
1985,0.635348059421676,9.9529514544147,196
1985,0.636214558033389,9.98517335397496,197
1985,0.636791313775908,10.0153891941573,198
1985,0.636319045041877,10.0437083078361,199
1985,0.634120732197837,10.0702044198424,200
1985,0.630452881574151,10.0949288214433,201
1985,0.625578457127986,10.1179514563268,202
1985,0.61975049248196,10.1393558424197,203
1985,0.61318714125552,10.1592342847781,204
1985,0.606058231768992,10.1776832877008,205
1985,0.59848189212287,10.1947996856335,206
1985,0.590528182630205,10.2106777258928,207
1985,0.582226569067875,10.2254071070184,208
1985,0.573574792759665,10.2390718395893,209
1985,0.564547639710297,10.2517497422125,210
1985,0.555104937322543,10.2635123868549,211
1985,0.514119124511913,10.2744253376542,212
1987,0.458517640012649,4,141
1987,0.515765646119817,4.29620720804932,142
1987,0.574430355167324,4.61411987871445,143
1987,0.632775817702415,4.94993100736903,144
1987,0.688727197634044,5.29860149022489,145
1987,0.740072038414137,5.65408827225655,146
1987,0.785194557062996,6.00976812893161,147
1987,0.822766277624235,6.3592061546168,148
1987,0.852138284249359,6.69661427911868,149
1987,0.87318779625088,7.01731572827815,150
1987,0.934015157365251,7.3179358824985,151
1987,0.941736631766954,7.61141923703757,152
1987,0.941374610612021,7.8796904068081,153
1987,0.933560738946752,8.12260408133096,154
1987,0.918901801920035,8.34082398608886,155
1987,0.897980157764713,8.53556509665903,156
1987,0.871384527326758,8.70838495766978,157
1987,0.839761073000225,8.86102712829371,158
1987,0.803879570716205,8.99531145987016,159
1987,0.764707524466465,9.11306321687739,160
1987,0.723483833946994,9.21607251255102,161
1987,0.681778161353785,9.3060762490145,162
1987,0.641516255515308,9.38475540628702,163
1987,0.604948129342486,9.45374082819382,164
1987,0.574540511644369,9.51462063809117,165
1987,0.552791273319467,9.5689425426973,166
1987,0.541987384442687,9.61820522343682,167
1987,0.53722367687048,9.6638351270551,168
1987,0.532317164081285,9.70661262779868,169
1987,0.527301764673962,9.74672231794212,170
1987,0.522209425214721,9.78433911054661,171
1987,0.51707023976949,9.81962824012889,172
1987,0.51191256172322,9.85274538523994,173
1987,0.506763107863864,9.88383688482019,174
1987,0.50164705495648,9.91304002489428,175
1987,0.496588129213315,9.94048337625085,176
1987,0.491608689192644,9.96628716726814,177
1987,0.486729802744702,9.99056367904663,178
1987,0.481971318677714,10.0134176525525,179
1987,0.477351933849681,10.0349466996132,180
1987,0.472889256409365,10.055241711392,181
1987,0.468599865918832,10.0743872594502,182
1987,0.464499371094466,10.0924619857262,183
1987,0.460602465906571,10.1095389787599,184
1987,0.456922984780477,10.1256861343022,185
1987,0.453473957642459,10.1409664991026,186
1987,0.450267665545423,10.1554385971925,187
1987,0.447315697579425,10.1691567383877,188
1987,0.444629009698981,10.1821713090587,189
1987,0.442217985949857,10.1945290454567,190
1987,0.440092502306063,10.2062732900613,191
1987,0.438261992875133,10.2174442315401,192
1987,0.436735517533332,10.2280791289848,193
1987,0.435521829061626,10.2382125211238,194
1987,0.434629436558721,10.2478764212072,195
1987,0.411867983270348,10.2571004982309,196
1987,0.411646892343035,10.2654616020573,197
1987,0.411760812171807,10.2734740353985,198
1987,0.41183838896598,10.2811587655076,199
1987,0.41140164691318,10.2885284567527,200
1987,0.410512428245388,10.2955871423534,201
1987,0.409187877205683,10.3023408032346,202
1987,0.407441110292883,10.3087963212752,203
1987,0.405282018018505,10.3149612572511,204
1987,0.402717988006414,10.3208436705264,205
1987,0.39975458592305,10.3264519731568,206
1987,0.396396225819504,10.3317948125981,207
1987,0.39264685816594,10.3368809784145,208
1987,0.388510701540382,10.3417193293365,209
1987,0.383993042027753,10.3463187377787,210
1987,0.379101122304118,10.3506880495398,211
1987,0.353985489492753,10.3548360568953,212
1991,0.159044005961906,4,141
1991,0.164950977911432,4.10274409717728,142
1991,0.170045671760592,4.20760938630313,143
1991,0.174207302857077,4.31393036730407,144
1991,0.177324196195599,4.42100121717229,145
1991,0.179262156081646,4.52808913886617,146
1991,0.18001951058271,4.63442773346686,147
1991,0.179514735225692,4.73930128978019,148
1991,0.177727729084053,4.84199814539396,149
1991,0.174681589813404,4.94184748198511,150
1991,0.178695216655112,5.03824128091105,151
1991,0.173503601398499,5.13512739139198,152
1991,0.16733898544549,5.22751766994395,153
1991,0.160461063268487,5.31507925478124,154
1991,0.153212040724163,5.39763688430155,155
1991,0.146022959211553,5.47519999079942,156
1991,0.139414898178689,5.54799104829853,157
1991,0.133990031944167,5.61647323438272,158
1991,0.130405077007912,5.68137307134685,159
1991,0.129317397957953,5.74369016134085,160
1991,0.131290419742863,5.80468161028614,161
1991,0.13665316449057,5.86580285885261,162
1991,0.145309269940984,5.92858545092736,163
1991,0.156529754421938,5.99443263008602,164
1991,0.168813092735879,6.06433368939905,165
1991,0.179972595879441,6.13854006371402,166
1991,0.187640021465322,6.21631638897862,167
1991,0.190070361874435,6.2959468468347,168
1991,0.187970244055916,6.37509515078187,169
1991,0.184430893484452,6.45188117986282,170
1991,0.182912036141591,6.52580520916845,171
1991,0.185869451568137,6.59776828699005,172
1991,0.194359818004354,6.66955732690843,173
1991,0.208329849503793,6.74323034171889,174
1991,0.227084237551071,6.82066393470398,175
1991,0.249655727910357,6.90330990373813,176
1991,0.275023971899392,6.99210732961803,177
1991,0.302222416447011,7.08748557790256,178
1991,0.330382986476128,7.18941369584391,179
1991,0.358752498372934,7.29747177061324,180
1991,0.386698125069178,7.41093202642621,181
1991,0.41370838542671,7.52884297206867,182
1991,0.439390776899355,7.65011173849765,183
1991,0.463465498471153,7.77358024896543,184
1991,0.485754975432519,7.8980914004009,185
1991,0.506169796846391,8.02254248377099,186
1991,0.524692423552157,8.14592453411031,187
1991,0.541360302509447,8.26734782773001,188
1991,0.556246723282891,8.38605499417556,189
1991,0.56945882253718,8.50142334391704,190
1991,0.581108262907453,8.61296219659902,191
1991,0.591313381130046,8.72030118885722,192
1991,0.600189488173183,8.82317811389895,193
1991,0.607843790737709,8.92142474249278,194
1991,0.614371716061783,9.01495246410705,195
1991,0.586853603674752,9.10373854599432,196
1991,0.590920464463886,9.18333739779059,197
1991,0.594139143849787,9.25878420587791,198
1991,0.59686900493459,9.33015937431222,199
1991,0.599393943172954,9.39760232404818,200
1991,0.601762358947545,9.46128808850767,201
1991,0.60396970647212,9.52139312818225,202
1991,0.605989004604497,9.57808847913474,203
1991,0.607776606456515,9.63153770806317,204
1991,0.609279476398695,9.68189608732349,205
1991,0.610441902751809,9.7293107567708,206
1991,0.611210487304161,9.77392149716473,207
1991,0.611537177643328,9.81586175003468,208
1991,0.611380686105629,9.85525961746849,209
1991,0.61070685748215,9.89223869351896,210
1991,0.60948853487694,9.92691867582624,211
1991,0.573558434561016,9.95941576854199,212
1993,0.185146502613678,4,141
1993,0.202895473989816,4.11960658398613,142
1993,0.223560866989038,4.24825242631943,143
1993,0.247066857803682,4.38712514012319,144
1993,0.273191192561635,4.53716834428341,145
1993,0.301491242297593,4.69897775603487,146
1993,0.331487274329666,4.87267069581066,147
1993,0.362383827126299,5.05788703128389,148
1993,0.393305373208115,5.25365467208173,149
1993,0.423361568775136,5.45842715943965,150
1993,0.475874486311896,5.67017897545495,151
1993,0.504752059585462,5.89811933219169,152
1993,0.530605873586585,6.12838649633524,153
1993,0.553236019845913,6.35823002228964,154
1993,0.572678660531178,6.5851605187341,155
1993,0.58913738425823,6.80707031795979,156
1993,0.602913229665785,7.02228424532141,157
1993,0.614347308387312,7.22955500433129,158
1993,0.623780840974967,7.42802297131888,159
1993,0.631531304115133,7.61715843659933,160
1993,0.637880801040476,7.79669940914461,161
1993,0.643072501774617,7.96659293577214,162
1993,0.647311783512186,8.12694383733467,163
1993,0.650769718410934,8.27797210608805,164
1993,0.653586376524544,8.4199787043756,165
1993,0.655879344063461,8.55331857708222,166
1993,0.657741650528693,8.67838075729194,167
1993,0.659188227215085,8.79557217907955,168
1993,0.660227361422205,8.90529622037919,169
1993,0.660914177418326,9.00794894754679,170
1993,0.661287283518925,9.10392399719215,171
1993,0.661371660150368,9.19360651967768,172
1993,0.661180655362688,9.27736913728306,173
1993,0.660717284477148,9.35556934192155,174
1993,0.65997496162671,9.42854791934006,175
1993,0.658937739550727,9.49662810117259,176
1993,0.65758009360894,9.56011522751911,177
1993,0.655866252075726,9.6192967607723,178
1993,0.653749044319605,9.6744425330065,179
1993,0.651168209728536,9.72580513908698,180
1993,0.648048083111849,9.77362040906577,181
1993,0.644294549445413,9.81810790879765,182
1993,0.639791150141134,9.85947142888262,183
1993,0.634394242888652,9.89789943065131,184
1993,0.627927206694543,9.93356542576521,185
1993,0.62017392291037,9.96662827565984,186
1993,0.610872309507124,9.99723241277905,187
1993,0.599709840081397,10.0255080149719,188
1993,0.586325284061138,10.0515712214121,189
1993,0.57032525215716,10.0755245874448,190
1993,0.551331700762867,10.09745817724,191
1993,0.529087954100387,10.1174520439915,192
1993,0.503662768637566,10.1355813970213,193
1993,0.475788628940848,10.1519264406431,194
1993,0.447309996126783,10.1665892241624,195
1993,0.400680795312974,10.1797184764285,196
1993,0.383246251010866,10.1909530243517,197
1993,0.377016339300944,10.2012681713807,198
1993,0.380263670019018,10.2110267412329,199
1993,0.388469484572965,10.2204982809919,200
1993,0.400661051076439,10.2298062693013,201
1993,0.415632112231721,10.239033440849,202
1993,0.432203520094167,10.2482218830949,203
1993,0.449363626157794,10.2573795442636,204
1993,0.466332301120265,10.2664892870566,205
1993,0.482564563823959,10.2755182112862,206
1993,0.497718892143367,10.2844257136743,207
1993,0.511611991817925,10.2931696016597,208
1993,0.524173938451321,10.3017102147782,209
1993,0.535410366072356,10.3100128545215,210
1993,0.545373574886001,10.3180489414354,211
1993,0.523277881558098,10.3257963013033,212
1994,0.781954513471468,4,141
1994,0.85415430400021,4.50515082309714,142
1994,0.90601996501178,5.01379579371309,143
1994,0.941400460010948,5.50724227774135,144
1994,0.96495960070747,5.97350499848628,145
1994,0.980511875535395,6.40644376922592,146
1994,0.990802691529525,6.80391006292102,147
1994,0.99756602499605,7.16616683739925,148
1994,1.00190714612236,7.49475891335383,149
1994,1.00450370236042,7.79185905283988,150
1994,1.06418243871264,8.05988534209492,151
1994,1.06458185828412,8.31531249873773,152
1994,1.063730636382,8.54364321314217,153
1994,1.06156948152847,8.74750312050085,154
1994,1.05787321281768,8.92930770518303,155
1994,1.05221894011054,9.0912466461956,156
1994,1.04391320413711,9.23528051060688,157
1994,1.03186538367942,9.36314155215402,158
1994,1.01437832484467,9.47633340892595,159
1994,0.988811882550329,9.57612506272678,160
1994,0.951065460013275,9.66353404536272,161
1994,0.894875129367098,9.73929315369899,162
1994,0.811255295083458,9.80379680954029,163
1994,0.689835558751442,9.85704015576697,164
1994,0.528175558239165,9.89864171038611,165
1994,0.359658147400511,9.92829682691567,166
1994,0.278512630353809,9.94742373970744,167
1994,0.274100762387615,9.96170255922711,168
1994,0.270814935489269,9.97536380702987,169
1994,0.275704406566295,9.98849132143693,170
1994,0.289405004436314,10.0014939172718,171
1994,0.308935427496405,10.0147663503573,172
1994,0.33121851075088,10.0285244377324,173
1994,0.354127783685832,10.0428191835178,174
1994,0.376399318480674,10.0575964322368,175
1994,0.397350859296634,10.07274682579,176
1994,0.416660261193229,10.0881385345384,177
1994,0.4342210241642,10.1036368973372,178
1994,0.450051848686428,10.1191154900623,179
1994,0.464240333292333,10.1344617841952,180
1994,0.476908112646434,10.1495794538422,181
1994,0.488189604770997,10.1643886671492,182
1994,0.498219435665072,10.1788252291623,183
1994,0.507125365259479,10.1928391320385,184
1994,0.515024648900028,10.2063928601011,185
1994,0.522022492133186,10.2194596586183,186
1994,0.528211733511725,10.2320218846131,187
1994,0.533673203938726,10.2440695002766,188
1994,0.538476415585589,10.2555987338721,189
1994,0.542680364738513,10.2666109118331,190
1994,0.546334315399315,10.2771114538965,191
1994,0.549478480350879,10.2871090170844,192
1994,0.552144544295919,10.2966147718665,193
1994,0.554355986188331,10.3056417934088,194
1994,0.55612815867132,10.3142045515134,195
1994,0.527723328686772,10.3223184840655,196
1994,0.528569134364673,10.3295897978383,197
1994,0.529002750250558,10.3364884264668,198
1994,0.529069575041711,10.3430277750884,199
1994,0.528760735336524,10.3492219727352,200
1994,0.528110483735188,10.3550850297235,201
1994,0.527123196023431,10.3606312423415,202
1994,0.525799574447376,10.3658747327387,203
1994,0.524137426477828,10.3708293540781,204
1994,0.522132309127379,10.3755086227116,205
1994,0.519778092061345,10.3799256708048,206
1994,0.517067486961617,10.3840932146009,207
1994,0.513992587325227,10.3880235348182,208
1994,0.51054546139564,10.391728466641,209
1994,0.506718840686478,10.395219397476,210
1994,0.502506946969815,10.398507271178,211
1994,0.470101080314225,10.401602597833,212
1997,0.0623633220719763,4,141
1997,0.0635419487027285,4.04028736062393,142
1997,0.0647850146549811,4.08108013268197,143
1997,0.0660830564988643,4.1224066543742,144
1997,0.0674266563953885,4.16428810189454,145
1997,0.0687970502088237,4.20673868989652,146
1997,0.0702042180066464,4.24976000522236,147
1997,0.0716306320490093,4.29335924633253,148
1997,0.0730667421636609,4.33753203564809,149
1997,0.074504514801103,4.38226768137227,150
1997,0.079939541113973,4.42755031312069,151
1997,0.0815080128533737,4.47577427814234,152
1997,0.0830559059012034,4.52455136835591,153
1997,0.0845772647760073,4.57384964641382,154
1997,0.086067043791261,4.62363398383346,155
1997,0.0875211330046546,4.67386676414267,156
1997,0.0889363685268165,4.7245085764163,157
1997,0.0903105316242283,4.77551888778545,158
1997,0.0916423420320414,4.82685668680999,159
1997,0.0929314515911535,4.87848109331029,160
1997,0.0941784447643519,4.93035193412702,161
1997,0.0953848527669621,4.98243028811779,162
1997,0.096553187927738,5.03467900732607,163
1997,0.0976870043894826,5.08706322448573,164
1997,0.0987909902352247,5.13955085964593,165
1997,0.099871094419172,5.19211314046334,166
1997,0.100934689313027,5.24472515130418,167
1997,0.101989981359638,5.29736642536819,168
1997,0.103042445256881,5.35002118605937,169
1997,0.104096321650875,5.40267673881281,170
1997,0.105155625997799,5.4553227062967,171
1997,0.106224219863834,5.50795080738378,172
1997,0.107305872957092,5.56055467853449,173
1997,0.108404317015702,5.61312973053947,174
1997,0.109523292094494,5.66567303447364,175
1997,0.11066713590461,5.7181832312943,176
1997,0.111838623564981,5.77066072093427,177
1997,0.113042255544074,5.82310681983246,178
1997,0.114282100323776,5.87552449270428,179
1997,0.11556232598148,5.92791804119487,180
1997,0.116887173656336,5.98029304740687,181
1997,0.118260905382305,6.03265630270436,182
1997,0.119687718909816,6.08501571137891,183
1997,0.121171620584383,6.13738015659834,184
1997,0.122716245984393,6.18975931357519,185
1997,0.124324617222858,6.24216339225369,186
1997,0.125998826189786,6.29460278934154,187
1997,0.127739635420052,6.34708762774094,188
1997,0.129545993852825,6.39962716119085,189
1997,0.131414474811798,6.45222902438725,190
1997,0.133338659284512,6.50489831550619,191
1997,0.135308509569872,6.55763651062319,192
1997,0.137309805654149,6.61044022957606,193
1997,0.139323745771488,6.66329990117287,194
1997,0.141326836545399,6.71619841144886,195
1997,0.136026908954445,6.7691098583317,196
1997,0.137760402490027,6.81931732379629,197
1997,0.139397512269898,6.8694729608107,198
1997,0.14198147990247,6.91952547762707,199
1997,0.146504078785186,6.96979514908903,200
1997,0.152953404089757,7.02092961144128,201
1997,0.161278256474868,7.07353296912364,202
1997,0.171361337503547,7.12815101173515,203
1997,0.183004676601022,7.18524782024264,204
1997,0.195941612055409,7.24517923742023,205
1997,0.209863222900547,7.3081730102923,206
1997,0.22444708383144,7.37432047002518,207
1997,0.239381234567379,7.4435800030359,208
1997,0.254380988058232,7.51578994986603,209
1997,0.269198921348424,7.59068772600929,210
1997,0.28362941747074,7.66793212843818,211
1997,0.281682590892592,7.74712636380753,212
1999,0.0779912486215162,4,141
1999,0.0916928973731623,4.05038316520564,142
1999,0.107518356484756,4.10915576147771,143
1999,0.125144764862359,4.17744012347203,144
1999,0.144224653800285,4.25606438483966,145
1999,0.164363758694028,4.34554194525121,146
1999,0.185214267805633,4.44604320123877,147
1999,0.206363953496459,4.55743220575745,148
1999,0.227437236303125,4.67924209433358,149
1999,0.248108334836229,4.81072044169503,150
1999,0.282699488851153,4.95088638026365,151
1999,0.303464584094852,5.10663170790973,152
1999,0.323217403440002,5.26909066130058,153
1999,0.341898890422697,5.43687327758513,154
1999,0.359490969093262,5.60861701144051,155
1999,0.375992438191742,5.7830236218577,156
1999,0.391400864509066,5.95887834345263,157
1999,0.405706088796013,6.13505674235941,158
1999,0.41888871607553,6.31052658198272,159
1999,0.430924156261921,6.48434773788497,160
1999,0.441787672085306,6.65567272052918,161
1999,0.451458483797978,6.82374784679739,162
1999,0.459921856057336,6.98791427368484,163
1999,0.467168979074814,7.14760791218835,164
1999,0.473194971856739,7.3023574985898,165
1999,0.47799551203004,7.45178052070306,166
1999,0.481562539914396,7.59557707877449,167
1999,0.483763411558974,7.73352201098834,168
1999,0.484577638942849,7.86542411791958,169
1999,0.484154242516743,7.99115654954614,170
1999,0.482634601902911,8.11069173429376,171
1999,0.480151220248693,8.22408254598318,172
1999,0.476827008356893,8.33144543504254,173
1999,0.472774976386235,8.43294567035212,174
1999,0.468098242851464,8.52878468888157,175
1999,0.462890293106826,8.61918945141096,176
1999,0.457235439950991,8.70440364334653,177
1999,0.451209456343557,8.78468052974079,178
1999,0.44488036413352,8.86027726437299,179
1999,0.438309373144967,8.93145045715113,180
1999,0.431551971955457,8.99845281684102,181
1999,0.424659175119363,9.06153070331034,182
1999,0.417678931103936,9.12092244232924,183
1999,0.410657690268164,9.17685727458262,184
1999,0.403642122097578,9.22955482763617,185
1999,0.396680954840211,9.27922501431365,186
1999,0.38982688808254,9.3260682727543,187
1999,0.383138499614661,9.37027607203034,188
1999,0.376682033155416,9.41203161252768,189
1999,0.37053291578171,9.45151065246987,190
1999,0.364776818140328,9.48888239143087,191
1999,0.359510044323144,9.52431033925774,192
1999,0.354839031893241,9.55795309581578,193
1999,0.350878767853068,9.58996496522656,194
1999,0.347749994682648,9.62049633014914,195
1999,0.327584755452676,9.64969371980575,196
1999,0.326510547550413,9.67624155659927,197
1999,0.326558388297138,9.70183552350418,198
1999,0.32754018280993,9.72659744801188,199
1999,0.329105960256564,9.75062276646879,200
1999,0.331243819959193,9.77397224832749,201
1999,0.333916010661768,9.79669997036883,202
1999,0.337083892170459,9.8188521251279,203
1999,0.340707852770163,9.8404677252723,204
1999,0.344747256338542,9.86157925244636,205
1999,0.349160428667718,9.88221326199908,206
1999,0.353904686013515,9.90239095329883,207
1999,0.358936403514493,9.92212871334152,208
1999,0.364211117099191,9.9414386392567,209
1999,0.369683649851091,9.96032904326467,210
1999,0.375308252392805,9.97880494176531,211
1999,0.360066694215788,9.99686852863733,212
2000,0.295120933470162,4,141
2000,0.320939235571748,4.19065122061104,142
2000,0.347125596028112,4.39186258966823,143
2000,0.373135192788374,4.60250681463268,144
2000,0.398370663072164,4.82107441595753,145
2000,0.422228233500973,5.04571684964896,146
2000,0.444085374598158,5.27432760238118,147
2000,0.463595700243458,5.50462039042526,148
2000,0.480337618113135,5.73435452433303,149
2000,0.494084529972886,5.96135009513957,150
2000,0.531501483149283,6.18362661342635,151
2000,0.540829905244766,6.41092207181232,152
2000,0.546808235615239,6.62991399158604,153
2000,0.549627815164955,6.83935198813683,154
2000,0.549544349984779,7.03835864265455,155
2000,0.546858636303464,7.22639877823239,156
2000,0.541903735504849,7.40323679350914,157
2000,0.535038021166594,7.56888962134586,158
2000,0.526642785874179,7.72358063470187,159
2000,0.517122831205586,7.86769771413061,160
2000,0.506908475686467,8.0017570115928,161
2000,0.496457576462279,8.1263727527162,162
2000,0.486256419627491,8.24223265629021,163
2000,0.476818575584937,8.3500781208495,164
2000,0.468682087877637,8.45068812003847,165
2000,0.462403209148033,8.54486588803544,166
2000,0.458549803471714,8.63342715735165,167
2000,0.457692546637725,8.7171894320927,168
2000,0.458248950765288,8.79696137674694,169
2000,0.4582747952319,8.87317475694671,170
2000,0.457783418906409,8.94589976833186,171
2000,0.456786674119113,9.01521757128863,172
2000,0.455295290484535,9.08121810176524,173
2000,0.453319354848011,9.14399817103177,174
2000,0.450868869363352,9.20365983908039,175
2000,0.44795437075789,9.260309038189,176
2000,0.444587611012548,9.31405442090827,177
2000,0.44078230947518,9.36500640803572,178
2000,0.436554988979516,9.41327641491949,179
2000,0.431925905357202,9.4589762373156,180
2000,0.426920072177706,9.50221758030805,181
2000,0.42156837135311,9.54311171523567,182
2000,0.415908725573282,9.58176925010938,183
2000,0.409987290397006,9.61829999868199,184
2000,0.403859602542596,9.65281293219535,185
2000,0.397591597657433,9.68541619594385,186
2000,0.391260388071371,9.71621717028268,187
2000,0.384954672864278,9.74532255281132,188
2000,0.378774644698555,9.77283843558416,189
2000,0.372831266802897,9.79887034894404,190
2000,0.36724482479444,9.82352324271343,191
2000,0.362142713397991,9.84690137683666,192
2000,0.357656492091699,9.86910809778387,193
2000,0.353918321531209,9.89024548424162,194
2000,0.351056951997563,9.91041385515852,195
2000,0.331402304196516,9.9297111435391,196
2000,0.330657383146959,9.94728851682978,197
2000,0.331053895289762,9.96424517114312,198
2000,0.332570971085429,9.98066080260498,199
2000,0.334982635269729,9.99660572350559,200
2000,0.338242049537445,10.0121321430742,201
2000,0.342261567183485,10.0272844674476,202
2000,0.346948184080668,10.0420982494566,203
2000,0.35220573281989,10.0566009163723,204
2000,0.357937068300756,10.0708125601105,205
2000,0.364046156480272,10.0847467781433,206
2000,0.370439965706414,10.0984115484841,207
2000,0.377030072408166,10.1118101179799,208
2000,0.383733921640052,10.1249418809306,209
2000,0.390475718039232,10.1378032252026,210
2000,0.397186955787153,10.1503883253346,211
2000,0.381869733654499,10.1626898660626,212
2001,0.392419544884128,4,141
2001,0.434042895609693,4.25350714483069,142
2001,0.474404969064893,4.52290011358878,143
2001,0.511811645028364,4.80456406173814,144
2001,0.544907887601687,5.0940212308046,145
2001,0.572834121452337,5.38642336576157,146
2001,0.595462296761029,5.67706115961801,147
2001,0.612996099089415,5.96187338430642,148
2001,0.625988869723055,6.23761322517652,149
2001,0.635141481755945,6.50193650802623,150
2001,0.677469829522271,6.75333620558885,151
2001,0.682002368122775,7.00445860520179,152
2001,0.684313147733411,7.24013450493851,153
2001,0.684973735093688,7.46048131670968,154
2001,0.684444514295997,7.66594765779168,155
2001,0.683089522638813,7.85719222154933,156
2001,0.681193407967612,8.03499446354721,157
2001,0.67897743787068,8.20019139192488,158
2001,0.676610403673916,8.35363442435096,159
2001,0.674231754851342,8.49616041229623,160
2001,0.671943669945597,8.62857579017914,161
2001,0.669829777515593,8.75164423337732,162
2001,0.667958367624599,8.8660820202181,163
2001,0.666387258519091,8.97255611629939,164
2001,0.665167857877097,9.07168447588608,165
2001,0.66434868614777,9.16403774381115,166
2001,0.663978601607369,9.25014179903458,167
2001,0.663814355593611,9.330480763796,168
2001,0.66358593826612,9.40546683958261,169
2001,0.663302263113405,9.47545114224945,170
2001,0.662970342565386,9.54076345281917,171
2001,0.662595711161357,9.6017130682142,172
2001,0.662182772608036,9.65858974681349,173
2001,0.661735089858966,9.71166470342903,174
2001,0.661255632959874,9.76119162147263,175
2001,0.660746995883505,9.80740765967784,176
2001,0.6602115905969,9.85053443771875,177
2001,0.659651823848675,9.89077899012838,178
2001,0.659070259308523,9.9283346815674,179
2001,0.658469764381233,9.96338207909731,180
2001,0.657853636851989,9.99608977893239,181
2001,0.657225701051978,10.0266151863744,182
2001,0.656590356006217,10.0551052484114,183
2001,0.65595254867794,10.0816971388928,184
2001,0.655317633925008,10.1065188963623,185
2001,0.654691069881417,10.1296900146235,186
2001,0.654077885462712,10.1513219860328,187
2001,0.653481850566416,10.1715187975008,188
2001,0.652904288494356,10.1903773794525,189
2001,0.652342508898629,10.207988008859,190
2001,0.651787928285239,10.2244346693033,191
2001,0.651224105057433,10.2397953743565,192
2001,0.65062515720176,10.2541424656311,193
2001,0.649955327645598,10.2675429036588,194
2001,0.649170721395854,10.2800585771009,195
2001,0.612956894097119,10.291746661128,196
2001,0.611891035034697,10.3020662991252,197
2001,0.610612612843976,10.311736543103,198
2001,0.609403105036915,10.3207961057735,199
2001,0.608523070484659,10.329285630606,200
2001,0.608031652852464,10.3372462886062,201
2001,0.607970259856829,10.3447164847097,202
2001,0.6083758299724,10.3517317608403,203
2001,0.609277956432045,10.3583249243389,204
2001,0.610696547776381,10.3645261575522,205
2001,0.612640179578844,10.3703631220218,206
2001,0.615105197562787,10.3758610675952,207
2001,0.618075548343721,10.3810429532033,208
2001,0.621523250230501,10.3859295825237,209
2001,0.625409376575401,10.3905397546933,210
2001,0.629685406803461,10.3948904278616,211
2001,0.598112926426502,10.3989968917815,212
2002,0.549207216402553,4,141
2002,0.595669166570761,4.35479362627499,142
2002,0.63391499621641,4.71846819765649,143
2002,0.663878522604574,5.08243916230419,144
2002,0.686394686574799,5.43945084478773,145
2002,0.702653200710067,5.78406587556889,146
2002,0.713999779715691,6.11262925850098,147
2002,0.721494737897975,6.42303892781994,148
2002,0.726007342461866,6.7143111176964,149
2002,0.7281838196379,6.98625850098249,150
2002,0.769696823511556,7.23921837931878,151
2002,0.769000377623388,7.48712899632292,152
2002,0.766580200361314,7.71575096019621,153
2002,0.762487486860139,7.92612770409941,154
2002,0.756649493052124,8.11934029906065,155
2002,0.748882322611173,8.29645413846606,156
2002,0.738900092309186,8.45848612372105,157
2002,0.726326215416001,8.60638575801048,158
2002,0.710717638381304,8.74102624325298,159
2002,0.691622395639088,8.86320419982878,160
2002,0.668706256953433,8.97364943276353,161
2002,0.64200169291811,9.07304964393813,162
2002,0.612328421761091,9.16209883004641,163
2002,0.581843052522036,9.24157943454548,164
2002,0.554411918359377,9.31247849567613,165
2002,0.535210133296676,9.37610427464071,166
2002,0.529281743612324,9.43412108977119,167
2002,0.530610550345854,9.48842454294648,168
2002,0.530860681716911,9.53998293103178,169
2002,0.530429764973019,9.58882859178786,170
2002,0.529735055996732,9.63504368370959,171
2002,0.529162766804069,9.67875007184924,172
2002,0.529033641060798,9.72009646329621,173
2002,0.52958529867443,9.75924540223892,174
2002,0.530968740834921,9.7963618940615,175
2002,0.533254970615831,9.83160457605742,176
2002,0.536447577978113,9.86511967143456,177
2002,0.540497814500269,9.89703751313291,178
2002,0.545319660047893,9.9274711855777,179
2002,0.550803341204731,9.9565167524575,180
2002,0.556826539448489,9.98425455918807,181
2002,0.563263079603374,10.010751172386,182
2002,0.569989234210565,10.0360616122103,183
2002,0.576887962157782,10.0602316265182,184
2002,0.583851469433826,10.0832998377655,185
2002,0.590782478670568,10.1052996601962,186
2002,0.597594554245022,10.1262609356426,187
2002,0.604211773043025,10.1462112727349,188
2002,0.610567971181922,10.1651770988678,189
2002,0.616605741676175,10.1831844494495,190
2002,0.622275310797506,10.2002595271288,191
2002,0.627533382843797,10.2164290668787,192
2002,0.632342013940968,10.2317205426315,193
2002,0.63666755450646,10.2461622488747,194
2002,0.64047968613672,10.2597832871443,195
2002,0.61002469029212,10.27261348336,196
2002,0.612540054677175,10.284050926357,197
2002,0.614505303981149,10.2948349410964,198
2002,0.615288069038341,10.3049908714169,199
2002,0.61430466356289,10.3145348562214,200
2002,0.611930664096546,10.3234772955841,201
2002,0.608558918491758,10.3318379613261,202
2002,0.604564436327735,10.3396437639252,203
2002,0.600259664702268,10.3469264194356,204
2002,0.595879317832223,10.3537200707167,205
2002,0.591584550631519,10.3600593262421,206
2002,0.587476178420851,10.365977871371,207
2002,0.583609918022718,10.3715076136024,208
2002,0.580010032704551,10.3766782426092,209
2002,0.576680102471221,10.3815170759174,210
2002,0.573610888916264,10.386049082822,211
2002,0.537921452251716,10.3902970085757,212
2003,0.102447398339619,4,141
2003,0.107115965341155,4.06618209461529,142
2003,0.112541289005631,4.13467121661954,143
2003,0.118677498553711,4.20585846331952,144
2003,0.125402885589379,4.28008229627595,145
2003,0.132535462283215,4.35758156377983,146
2003,0.13997243322692,4.43846163972105,147
2003,0.147554094183745,4.52274804647745,148
2003,0.155169867513174,4.6103561785995,149
2003,0.162742267226791,4.70112665293902,150
2003,0.178802328107326,4.79484957159912,151
2003,0.186923963981718,4.89614565687599,152
2003,0.194915569773958,5.00014938971328,153
2003,0.202774223934041,5.10657242480557,154
2003,0.210503741350343,5.21512826531854,155
2003,0.218111010996633,5.32553698707112,156
2003,0.225603569634346,5.43752756823176,157
2003,0.232988250571295,5.55083870706653,158
2003,0.240270688544851,5.6652188426525,159
2003,0.247455929672808,5.78042590154342,160
2003,0.254547113216831,5.8962273347415,161
2003,0.261549089165077,6.01239952219994,162
2003,0.268467525150782,6.12872885281306,163
2003,0.27531035136139,6.24501223521243,164
2003,0.282088730177636,6.36105810112064,165
2003,0.288817980928378,6.47668759345663,166
2003,0.295518462725152,6.59173584955664,167
2003,0.301876369287489,6.70605329883381,168
2003,0.30754867260608,6.81937924739286,169
2003,0.312514788415765,6.93134928341637,170
2003,0.316758162735815,7.04162811678022,171
2003,0.320265967768169,7.14991116120154,172
2003,0.323028715845483,7.25592540324878,173
2003,0.325039863734953,7.35942960400435,174
2003,0.326295469758772,7.46021391352427,175
2003,0.326793957643129,7.55809899934776,176
2003,0.326536034271043,7.65293480064631,177
2003,0.325524803826757,7.74459902178225,178
2003,0.323766118070316,7.83299547556512,179
2003,0.321269201180352,7.91805237951724,180
2003,0.31804758684833,7.99972069970625,181
2003,0.314120403732469,8.07797262737686,182
2003,0.309514041082641,8.15280026438363,183
2003,0.304264216824229,8.22421458441855,184
2003,0.298418452513436,8.29224472782166,185
2003,0.29203891925067,8.35693767739687,186
2003,0.285205647560163,8.41835834741835,187
2003,0.278019802694267,8.47659011389786,188
2003,0.270607026932611,8.53173575451331,189
2003,0.263120358039604,8.58391878026582,190
2003,0.255742359496125,8.63328505820188,191
2003,0.248685911926694,8.68000458140792,192
2003,0.24219304819077,8.72427317000504,193
2003,0.236531189022416,8.76631380924157,194
2003,0.23198619045353,8.80637725272602,195
2003,0.217975822819724,8.84474145181182,196
2003,0.216550133821655,8.87995247079685,197
2003,0.21699428940267,8.9141706940964,198
2003,0.220402124303774,8.9477165848457,199
2003,0.227423785133069,8.98104994591133,200
2003,0.237704559056937,9.01468717488374,201
2003,0.250716096443794,9.04904541461016,202
2003,0.265846356781734,9.08442294871715,203
2003,0.282456851920333,9.12099495379612,204
2003,0.299934579633158,9.15881903346885,205
2003,0.317730358106452,9.19784909820452,206
2003,0.335380743607712,9.23795479890354,207
2003,0.352515263660611,9.27894336188643,208
2003,0.368852940929993,9.32058111110491,209
2003,0.384192386408147,9.36261278339739,210
2003,0.398399009355052,9.40477759723671,211
2003,0.389308612240554,9.44682173482373,212
2004,0.167129999634201,4,141
2004,0.177722542126377,4.10796773396017,142
2004,0.188944722790402,4.22085953153491,143
2004,0.200796746944084,4.33874678132517,144
2004,0.213270651563774,4.46166166224092,145
2004,0.226348973090569,4.58959085328906,146
2004,0.239960154227738,4.72246933724583,147
2004,0.254152604513002,4.8601497301397,148
2004,0.268831286267379,5.00247405082222,149
2004,0.283931189983713,5.14919224455091,150
2004,0.314526670913641,5.29998562127061,151
2004,0.331979630539772,5.46228513698338,152
2004,0.349638832650841,5.62820257481832,153
2004,0.367380814110783,5.79714464576209,154
2004,0.385078218974449,5.96845286140319,155
2004,0.40260405196332,6.14141660044124,156
2004,0.419836110124102,6.31528874371376,157
2004,0.436660906540117,6.48930309545625,158
2004,0.452976889283951,6.66269248964254,159
2004,0.468696727078959,6.8347064984576,160
2004,0.48374857848946,7.0046277377858,161
2004,0.498076382784718,7.17178595721068,162
2004,0.5116393063133,7.33556936064584,163
2004,0.524410537369696,7.49543288330632,164
2004,0.536375644104935,7.6509034109927,165
2004,0.547530700400083,7.80158214001964,166
2004,0.557880353914934,7.94714442618498,167
2004,0.567435969278563,8.08733755738288,168
2004,0.576010841949758,8.22197691448054,169
2004,0.583432439444203,8.35089551646965,170
2004,0.589750172323759,8.47395363756341,171
2004,0.595025888402562,8.59108694603022,172
2004,0.599331819219298,8.70229835645049,173
2004,0.60274647157811,8.80764929940459,174
2004,0.605351479698828,8.90725048129091,175
2004,0.607229035396257,9.00125275693526,176
2004,0.608459910385031,9.08983849854053,177
2004,0.609122032704234,9.17321371937485,178
2004,0.609289546446202,9.25160110021074,179
2004,0.609032268374293,9.32523397707169,180
2004,0.60841545273421,9.39435128197619,181
2004,0.607499782235696,9.45919338262799,182
2004,0.606341514857353,9.51999873915705,183
2004,0.604992729724455,9.57700128216433,184
2004,0.603501628717867,9.63042841263268,185
2004,0.601912862448562,9.6804995273972,186
2004,0.600267859203453,9.72742498114904,187
2004,0.598605143317665,9.77140540538765,188
2004,0.596960635312768,9.8126313149468,189
2004,0.595367930352535,9.85128294279672,190
2004,0.593858554442618,9.88753025323026,191
2004,0.592462199661841,9.92153309199753,192
2004,0.591206940844182,9.9534414393568,193
2004,0.590119436767831,9.98339573836448,194
2004,0.589225119240383,10.0115272761018,195
2004,0.557277591347332,10.0379586000302,196
2004,0.556817364862534,10.0614838706982,197
2004,0.556614841056415,10.0836797851506,198
2004,0.556569945734293,10.1046321690374,199
2004,0.556475783938646,10.124416716235,200
2004,0.556360940703192,10.1430969540958,201
2004,0.556225358387385,10.1607340413334,202
2004,0.556069182679782,10.177385810986,203
2004,0.555892686632467,10.193106951598,204
2004,0.555696204608918,10.2079491756196,205
2004,0.555480075740706,10.2219613768546,206
2004,0.555244596249766,10.2351897784149,207
2004,0.554989979786044,10.2476780723339,208
2004,0.554716324777873,10.2594675517431,209
2004,0.554423587701134,10.2705972363152,210
2004,0.554111561139477,10.2811039915214,211
2004,0.522364864542906,10.2910226421303,212
2006,0.128145459651235,4,141
2006,0.143735275575222,4.08278331194944,142
2006,0.162460300757224,4.17444792040088,143
2006,0.18447984035923,4.27656489371188,144
2006,0.209874111899834,4.39063874214026,145
2006,0.238565305906651,4.51802112535819,146
2006,0.27044197200569,4.65977863013162,147
2006,0.305080425803685,4.81664379922423,148
2006,0.341864711422434,4.98881475261784,149
2006,0.379973902846175,5.17585885740335,150
2006,0.440445324530031,5.37664641892368,151
2006,0.481742464924099,5.60054497360961,152
2006,0.521256299091783,5.83465061423863,153
2006,0.558071136654015,6.07575533562759,154
2006,0.591563295737404,6.3204332334638,155
2006,0.621420541346108,6.56532101844587,156
2006,0.647602450137533,6.80735089298454,157
2006,0.670269273144666,7.04390414133945,158
2006,0.689705165542654,7.27288158530343,159
2006,0.706252826245454,7.49270602783008,160
2006,0.720266213529606,7.70227941607436,161
2006,0.732080823146281,7.90091627228421,162
2006,0.741997711822098,8.08826956839317,163
2006,0.750276835575274,8.26425921173227,164
2006,0.757135949622145,8.42900843167444,165
2006,0.7627523413485,8.58279005154924,166
2006,0.767265582279279,8.72598268573617,167
2006,0.770792086162783,8.85903591938682,168
2006,0.773460201259722,8.98244505397731,169
2006,0.775375515651703,9.09673616680788,170
2006,0.776615311512466,9.20244844491236,171
2006,0.777233664475701,9.30011997553641,172
2006,0.777265017111173,9.39027791355755,173
2006,0.776726548108719,9.47343182731346,174
2006,0.775619553309035,9.55006934895978,175
2006,0.773929971455944,9.62065349037281,176
2006,0.771628119233719,9.68562115556553,177
2006,0.768667640851498,9.74538250370481,178
2006,0.764983622514698,9.80032090613921,179
2006,0.760489768430362,9.8507933056992,180
2006,0.755074481561165,9.89713083358731,181
2006,0.748595642220931,9.93963957325065,182
2006,0.740873841990679,9.97860138529539,183
2006,0.731683837389159,10.0142747256278,184
2006,0.720744099989574,10.0468954032987,185
2006,0.707704690125657,10.0766772383039,186
2006,0.692134541513856,10.1038125980007,187
2006,0.673511149514064,10.1284728230625,188
2006,0.651219611394395,10.1508086172389,189
2006,0.624575700923891,10.1709506016528,190
2006,0.592901616730007,10.1890104802568,191
2006,0.555704856906402,10.2050837157894,192
2006,0.513034331102653,10.2192553701916,193
2006,0.466080023941484,10.231611781012,194
2006,0.417950267281308,10.2422613916453,195
2006,0.355742831200414,10.2513661694072,196
2006,0.325270765935544,10.2587919022419,197
2006,0.312314116933652,10.2653400274909,198
2006,0.311026487261012,10.2714228112815,199
2006,0.312207728288517,10.277291325874,200
2006,0.315616514288737,10.2829989088151,201
2006,0.320887488633195,10.2885886682685,202
2006,0.327619687282721,10.2940924114799,203
2006,0.335415183871632,10.299531309403,204
2006,0.343908545710315,10.304917193457,205
2006,0.352785356446316,10.3102542333673,206
2006,0.361790335980497,10.3155407475682,207
2006,0.370727227657449,10.3207709410669,208
2006,0.37945326136403,10.3259364325226,209
2006,0.38787079851708,10.331027501055,210
2006,0.395918123225912,10.3360340387621,211
2006,0.381617319261236,10.3409462313905,212
2007,0.0644691939746992,4,141
2007,0.0671879966796136,4.04164777597632,142
2007,0.0703559521679523,4.08477210397316,143
2007,0.0740236787630481,4.1296263653205,144
2007,0.0782258793528026,4.17648689671139,145
2007,0.0829648544273497,4.22564105156318,146
2007,0.0882691108132725,4.27736519062278,147
2007,0.0941091892868074,4.33193968480606,148
2007,0.100453922656709,4.38961135139247,149
2007,0.107263459085952,4.45059184093718,150
2007,0.120485657431998,4.51505195739449,151
2007,0.128670997268553,4.58668131934319,152
2007,0.137189984810302,4.66225524706559,153
2007,0.145980531679651,4.74179593847058,154
2007,0.15498046369368,4.82527211759772,155
2007,0.164128121143518,4.91260101827291,156
2007,0.173361933650543,5.0036511581721,157
2007,0.182618691476608,5.09824529636807,158
2007,0.191830238122764,5.19616287593344,159
2007,0.200918378502984,5.29714120227853,160
2007,0.209787977649379,5.40087463292564,161
2007,0.218318582720896,5.50701120280357,162
2007,0.22635551930341,5.61514644371906,163
2007,0.23370292877696,5.72481475381468,164
2007,0.240118555292622,5.83547987279412,165
2007,0.245323083513405,5.94652570226511,166
2007,0.249018301192856,6.05725422038408,167
2007,0.251323318873592,6.16689326154256,168
2007,0.252570949998757,6.27479168281089,169
2007,0.252832082061962,6.38050053785709,170
2007,0.252231369610515,6.48364602586105,171
2007,0.25094186007752,6.58394479417684,172
2007,0.249172041971528,6.68121387837384,173
2007,0.247147740315839,6.77537327909352,174
2007,0.245092348420164,6.86644058995414,175
2007,0.243208888759544,6.95451855394298,176
2007,0.24166646902347,7.03977753136975,177
2007,0.240592310928178,7.12243537662787,178
2007,0.240069205978568,7.20273714044569,179
2007,0.240137344326117,7.28093651104775,180
2007,0.240799067316188,7.35728021789742,181
2007,0.242025116835605,7.43199594829181,182
2007,0.24376122207706,7.50528379202677,183
2007,0.245934215972518,7.57731087391921,184
2007,0.248457203436773,7.64820864425625,185
2007,0.251233564844412,7.71807223375264,186
2007,0.254159769170517,7.78696129942616,187
2007,0.257127120599457,7.85490185699927,188
2007,0.260022721762442,7.9218886942444,189
2007,0.262730182345959,7.98788808442875,190
2007,0.265131038217877,8.05284068348051,191
2007,0.26710858554422,8.11666473117035,192
2007,0.26855687447064,8.17926003165336,193
2007,0.269398447765363,8.24051369016426,194
2007,0.269613265558229,8.30030913444099,195
2007,0.25633577362481,8.35854009498779,196
2007,0.255558915453986,8.41241072053735,197
2007,0.254688821883379,8.46474137243919,198
2007,0.253648867884386,8.51556105257368,199
2007,0.252107833234362,8.5648841886407,200
2007,0.250208500674193,8.61266418885751,201
2007,0.248046748453404,8.65888872740071,202
2007,0.245704839248935,8.70356731037648,203
2007,0.243245379980762,8.74672629046002,204
2007,0.240708968427355,8.78840343501234,205
2007,0.23811536026812,8.82864278997216,206
2007,0.235467260382939,8.86749041021016,207
2007,0.232755525597711,8.90499126869866,208
2007,0.229964639471111,8.94118739915697,209
2007,0.227077633888592,8.97611713208353,210
2007,0.224080014798786,9.0098151765518,211
2007,0.209685762028182,9.04231327216556,212
2009,0.0974479454146612,4,141
2009,0.122011550516542,4.06295239555151,142
2009,0.151939726450948,4.14100504587943,143
2009,0.187239158812043,4.2370172771162,144
2009,0.227809462314679,4.35353784741187,145
2009,0.273252216097393,4.49265122446259,146
2009,0.322896642864497,4.65571322023202,147
2009,0.375409547415589,4.84313508089617,148
2009,0.428966053388875,5.05400149291231,149
2009,0.481424656684532,5.28590497976116,150
2009,0.559274531055303,5.53500372467152,151
2009,0.607905833728792,5.81045209305034,152
2009,0.650011592675249,6.09310720331359,153
2009,0.685246687522154,6.37696712001689,154
2009,0.713950673413617,6.65676278797137,155
2009,0.736874421486238,6.92830265846559,156
2009,0.754932203210455,7.18855213624028,157
2009,0.769033389929435,7.43553219435632,158
2009,0.7799933961565,7.66813193906144,159
2009,0.788500787021435,7.88590399091936,160
2009,0.795116413418809,8.0888799399265,161
2009,0.800287326917048,8.27741993326348,162
2009,0.804360296321655,8.45209744981836,163
2009,0.807619951829166,8.61361360140894,164
2009,0.810275693051924,8.76273992761677,165
2009,0.812493229659632,8.90027329041441,166
2009,0.814399820400104,9.02700855750911,167
2009,0.81604001909414,9.14371990278957,168
2009,0.817425369054358,9.25114219151169,169
2009,0.81859123100023,9.34996587523215,170
2009,0.819553953597692,9.4408408872303,171
2009,0.820315735260681,9.52437507729015,172
2009,0.820868208486737,9.60113447196421,173
2009,0.821194988883143,9.6716446285299,174
2009,0.821273383031806,9.73639259584354,175
2009,0.821075417970858,9.79582916600881,176
2009,0.820568332227654,9.85037121852874,177
2009,0.819714650191156,9.90040403846294,178
2009,0.818471947664021,9.94628354297388,179
2009,0.816792408548935,9.98833838456836,180
2009,0.814622274336345,10.0268719203103,181
2009,0.811901304361108,10.0621640487213,182
2009,0.808562402353607,10.0944729232139,183
2009,0.80453163244498,10.124036555018,184
2009,0.799728956721566,10.1510743212653,185
2009,0.794070189454141,10.1757883962964,186
2009,0.787470890892379,10.1983651270569,187
2009,0.77985321452872,10.2189763769998,188
2009,0.77115704050569,10.2377808670566,189
2009,0.76135696350964,10.2549255460113,190
2009,0.750486604262583,10.2705470235722,191
2009,0.738670811129075,10.2847730927743,192
2009,0.726163910825378,10.2977243460323,193
2009,0.713387540090854,10.3095158402004,194
2009,0.700954756670496,10.3202586803743,195
2009,0.652801187745487,10.3300612718649,196
2009,0.644093078266945,10.3385505392722,197
2009,0.638153757216658,10.3463797753746,198
2009,0.633715528450876,10.3536371907605,199
2009,0.628947714200435,10.3603842186251,200
2009,0.623911699231148,10.3666561318597,201
2009,0.618638299761011,10.3724865135754,202
2009,0.613158648258709,10.3779069262477,203
2009,0.607504102077197,10.3829469697743,204
2009,0.601706149844506,10.3876343493313,205
2009,0.595796316360022,10.3919949505435,206
2009,0.589806066701517,10.3960529198176,207
2009,0.5837667102471,10.3998307480061,208
2009,0.577709305369283,10.4033493558509,209
2009,0.571664565676936,10.4066281799158,210
2009,0.565662768875837,10.4096852579419,211
2009,0.528237826049502,10.4125373127691,212
2013,0.113294785624863,4,141
2013,0.118179967743052,4.07318962065573,142
2013,0.123365222193863,4.14867016553386,143
2013,0.128866509244726,4.226531321112,144
2013,0.134693330145638,4.30686120860835,145
2013,0.140821353977295,4.38974129781562,146
2013,0.147294537305185,4.47522498081996,147
2013,0.154073235444173,4.563378993556,148
2013,0.161128238374979,4.65423175837377,149
2013,0.168424179189943,4.74778077049442,150
2013,0.184951321836588,4.84399012178285,151
2013,0.193378259294545,4.94786090807429,152
2013,0.201902911878294,5.0544557240311,153
2013,0.210457319004995,5.16359735616458,154
2013,0.218971696728625,5.27506623520385,155
2013,0.227376415524159,5.38860390792108,156
2013,0.235603761962625,5.50391788097595,157
2013,0.243589393219979,5.62068751305681,158
2013,0.251273976464722,5.73857058900072,159
2013,0.25860187598225,5.8572104606423,160
2013,0.26552487846219,5.97624217589053,161
2013,0.27200070712327,6.09529988796971,162
2013,0.277994399436416,6.21402289457446,163
2013,0.283479814857036,6.33206159794803,164
2013,0.288442188975931,6.44908329474766,165
2013,0.292882126642497,6.56477808166319,166
2013,0.296821330750312,6.67886524367268,167
2013,0.300172048901835,6.7911005041213,168
2013,0.302849759970722,6.90123376261641,169
2013,0.304898564978777,7.00901409140585,170
2013,0.306360376943387,7.11423735675042,171
2013,0.30727512831164,7.21674148276384,172
2013,0.307681101480506,7.31640197562674,173
2013,0.307615348740023,7.41312777532269,174
2013,0.307114174923939,7.50685747024943,175
2013,0.306213661239341,7.59755588686553,176
2013,0.304950211907958,7.68521105008171,177
2013,0.303361106238931,7.76983149866688,178
2013,0.301485037485877,7.8514439319984,179
2013,0.299362616285736,7.9300911587799,180
2013,0.29703681066274,8.00583031385713,181
2013,0.294553286665968,8.0787313051952,182
2013,0.29196060410318,8.14887544887545,183
2013,0.289310211391351,8.21635424530435,184
2013,0.286656173832514,8.28126824466216,185
2013,0.28405456325841,8.34372594428462,186
2013,0.281562000885326,8.40384265598445,187
2013,0.2792358745425,8.46173918885082,188
2013,0.27712987238399,8.51754073022708,189
2013,0.27529317555849,8.57137498793655,190
2013,0.273767329059139,8.62337043511473,191
2013,0.272583470484983,8.67365422562159,192
2013,0.27175996063277,8.72234991972432,193
2013,0.271301018235779,8.76957514385779,194
2013,0.271197074428117,8.81543938990552,195
2013,0.258432832068947,8.86004223900775,196
2013,0.258861489643257,8.90139311305515,197
2013,0.259562728518987,8.94174216011762,198
2013,0.260526230118777,8.98115319923954,199
2013,0.261610421723634,9.01968377191539,200
2013,0.262846991066515,9.05736669136283,201
2013,0.264222129460114,9.09423724467935,202
2013,0.265720701299398,9.13032649230963,203
2013,0.267326537547912,9.16566145901038,204
2013,0.269022728769437,9.20026536892748,205
2013,0.270791908286422,9.23415791738769,206
2013,0.272616517238003,9.2673555713004,207
2013,0.274479044776813,9.2998718897289,208
2013,0.276362238267766,9.33171785621355,209
2013,0.278249280016982,9.36290221477704,210
2013,0.28012392866027,9.39343180216613,211
2013,0.267585081757381,9.42331186972302,212
2014,0.144446240530171,4,141
2014,0.15450305981088,4.09331378749023,142
2014,0.16549681758136,4.1916826592232,143
2014,0.177454780654631,4.29542305342666,144
2014,0.190388916558593,4.40481828098031,145
2014,0.204249972390061,4.52010422800733,146
2014,0.219086919553811,4.64142872655798,147
2014,0.234806375665981,4.76890831174456,148
2014,0.251313526495477,4.90254123756248,149
2014,0.268485202036254,5.04221033134339,150
2014,0.30051020829666,5.18767278474199,151
2014,0.320401252753631,5.34611475386367,152
2014,0.340463391442262,5.50996764072526,153
2014,0.360435955779661,5.67850169470778,154
2014,0.380054413442363,5.85084786901625,155
2014,0.399066517670059,6.02602471902814,156
2014,0.417247501224576,6.20297401511157,157
2014,0.434412599356585,6.38060174002562,158
2014,0.450425068383936,6.55782049981288,159
2014,0.465199180376937,6.73358917429622,160
2014,0.478698502411972,6.90694638321333,161
2014,0.490930507715243,7.07703555216733,162
2014,0.501938917029984,7.24312075036965,163
2014,0.511795159166055,7.40459370739809,164
2014,0.520590081383841,7.560973294184,165
2014,0.52842667413914,7.71189921316896,166
2014,0.535414216760731,7.85712173543376,167
2014,0.541359807048002,7.99648915787601,168
2014,0.546077213338416,8.12985941540383,169
2014,0.549670755993849,8.25710881474257,170
2014,0.552223055788648,8.37820107040409,171
2014,0.553806278472732,8.49316860318118,172
2014,0.554467297064892,8.60209877355743,173
2014,0.554238842936651,8.7051191403701,174
2014,0.553137818332046,8.80238727137429,175
2014,0.551166033515864,8.89408190594398,176
2014,0.548310844048354,8.98039577745382,177
2014,0.544545722055831,9.06152983653662,178
2014,0.5398308363002,9.13768864658219,179
2014,0.534113765503541,9.20907675702313,180
2014,0.527330534876608,9.27589589544744,181
2014,0.519407255207277,9.33834285538906,182
2014,0.510262765788233,9.39660799296421,183
2014,0.499812844319974,9.45087428334492,184
2014,0.487976750576108,9.50131692885232,185
2014,0.474687103004493,9.54810355564539,186
2014,0.459904302801595,9.5913950861023,187
2014,0.443636809973056,9.63134742699148,188
2014,0.425968327290422,9.66811416180998,189
2014,0.407092002476075,9.70185046136342,190
2014,0.387349625661441,9.73271839558707,191
2014,0.367270042087907,9.76089368693072,192
2014,0.347595787967256,9.78657362229957,193
2014,0.329282056421498,9.80998528790443,194
2014,0.313451688286226,9.8313925621592,195
2014,0.286627551734653,9.85109965841417,196
2014,0.279629528414101,9.86855542827286,197
2014,0.278072748364719,9.88509689993191,198
2014,0.280359691811575,9.90108630709141,199
2014,0.284265776800979,9.91675893681605,200
2014,0.289714432935788,9.93220440475126,201
2014,0.296575130435399,9.9474984457523,202
2014,0.304705240756713,9.9627010801348,203
2014,0.313951036477326,9.97785723703156,204
2014,0.324150104601862,9.99299745427804,205
2014,0.335134850033081,10.0081387489621,206
2014,0.346736549905726,10.0232857117977,207
2014,0.358789403332776,10.0384318317031,208
2014,0.371134134332223,10.0535610167134,209
2014,0.383620871291126,10.0686492501594,210
2014,0.396111187203826,10.0836663082075,211
2014,0.386976609521576,10.0985774643346,212
2016,0.0771636301346248,4,141
2016,0.0863827946758034,4.04984851497643,142
2016,0.097367766992362,4.1052221016074,143
2016,0.110125133484993,4.16709817694937,144
2016,0.124654341276911,4.23639999814992,145
2016,0.140942639006477,4.31398118238204,146
2016,0.158926276871765,4.40060627286983,147
2016,0.17859792017025,4.49690762947533,148
2016,0.199815068992032,4.60340909355498,149
2016,0.222402925659155,4.72043470241689,150
2016,0.25863521827178,4.84808664817742,151
2016,0.285230322750485,4.99323320627976,152
2016,0.312375976783548,5.14916496575468,153
2016,0.339589050522376,5.31506597258879,154
2016,0.366365659369534,5.48978586305235,155
2016,0.392224009267948,5.67188128637537,156
2016,0.416745532899767,5.85968691502945,157
2016,0.439605024018986,6.05140728200075,158
2016,0.460586738666896,6.24521584686368,159
2016,0.47958299536844,6.43934804990988,160
2016,0.496580819515135,6.63217671416882,161
2016,0.511641143438611,6.82226428870482,162
2016,0.5248759674987,7.00839118477571,163
2016,0.536427326900881,7.18956334550566,164
2016,0.546450128749892,7.36500413508379,165
2016,0.555099434666525,7.53413595951072,166
2016,0.56252181176664,7.69655633331306,167
2016,0.568849919907042,7.85201197135197,168
2016,0.574273909343703,8.00037332012223,169
2016,0.578983372817092,8.14162929059913,170
2016,0.583083276559256,8.27586517688554,171
2016,0.586660962446361,8.40322454583848,172
2016,0.589790320018794,8.52389369017939,173
2016,0.592531989593467,8.63808955662454,174
2016,0.594936708107117,8.74604979782774,175
2016,0.597046627656993,8.84802523139742,176
2016,0.598896685245156,8.94427390794505,177
2016,0.600515734420917,9.03505652719179,178
2016,0.601927479154282,9.12063292781311,179
2016,0.603151246559952,9.2012594301863,180
2016,0.604202631380621,9.27718685523966,181
2016,0.605094042107915,9.34865907840006,182
2016,0.605835176640402,9.41591200650821,183
2016,0.606433454633277,9.47917288875074,184
2016,0.60689443421851,9.53865989122357,185
2016,0.607222242418276,9.59458187959142,186
2016,0.607420050890516,9.64713836616647,187
2016,0.607490630675001,9.69651958714633,188
2016,0.607437019576735,9.74290668311924,189
2016,0.607263330777315,9.78647196149464,190
2016,0.606975716806939,9.82737922333403,191
2016,0.606583473479333,9.86578413908953,192
2016,0.606100218121879,9.90183465788043,193
2016,0.605545002925443,9.93567143306899,194
2016,0.604943133823799,9.96742824322896,195
2016,0.572336218622236,9.99723238292951,196
2016,0.571756060695129,10.023724256976,197
2016,0.571231809612027,10.0486745881484,198
2016,0.570645136205146,10.0721767997326,199
2016,0.569749401836795,10.094313731518,200
2016,0.568588649214108,10.1151546648804,201
2016,0.567175394739036,10.1347681471152,202
2016,0.56552404068629,10.1532204506424,203
2016,0.563650665893129,10.1705755074179,204
2016,0.561572801730334,10.1868948542923,205
2016,0.559309199091158,10.2022375907446,206
2016,0.556879592777448,10.2166603499216,207
2016,0.554304469746084,10.2302172834541,208
2016,0.551604847254164,10.242960060119,209
2016,0.548802066038232,10.254937878052,210
2016,0.545917602291822,10.2661974898977,211
2016,0.512623868358173,10.2767832400121,212
