"assimilated_energy","particulates","filters","percentage","light","abundance"
0,0,0.0100703097832063,0,1e-06,1
0,0,0.0100703097832063,0,1e-05,1
0,0,0.0100703097832063,0,1e-04,1
0,0,0.0100703097832063,0,0.001,1
0,0,0.0100703097832063,0,0.01,1
0,0,0.0100703097832063,0,0.1,1
0,3.18888843950469,0.0128167579058989,0,1,1
0,10.550527003895,0.0402812391328252,0,10,1
0,13.7269038642566,0.0402812391328252,0,100,1
0,0,0.0503515489160315,0,1e-06,5
0,0,0.0503515489160315,0,1e-05,5
0,0,0.0503515489160315,0,1e-04,5
0,0,0.0503515489160315,0,0.001,5
0,0,0.0503515489160315,0,0.01,5
0,0,0.0503515489160315,0,0.1,5
0,15.9027557087458,0.0640837895294946,0,1,5
0,52.2990573997114,0.201406195664126,0,10,5
0,67.868701035474,0.201406195664126,0,100,5
0,0,0.100703097832063,0,1e-06,10
0,0,0.100703097832063,0,1e-05,10
0,0,0.100703097832063,0,1e-04,10
0,0,0.100703097832063,0,0.001,10
0,0,0.100703097832063,0,0.01,10
0,0,0.100703097832063,0,0.1,10
0,31.7019062597229,0.128167579058989,0,1,10
0,103.485874702099,0.402812391328252,0,10,10
0,133.870260463439,0.402812391328252,0,100,10
0,0,0.503515489160315,0,1e-06,50
0,0,0.503515489160315,0,1e-05,50
0,0,0.503515489160315,0,1e-04,50
0,0,0.503515489160315,0,0.001,50
0,0,0.503515489160315,0,0.01,50
0,0,0.503515489160315,0,0.1,50
0,154.48373549767,0.640837895294946,0,1,50
0,476.86367841316,2.01406195664126,0,10,50
0,602.995103923422,2.01406195664126,0,100,50
0,0,1.00703097832063,0,1e-06,100
0,0,1.00703097832063,0,1e-05,100
0,0,1.00703097832063,0,1e-04,100
0,0,1.00703097832063,0,0.001,100
0,0,1.00703097832063,0,0.01,100
0,0,1.00703097832063,0,0.1,100
0,299.460420431522,1.28167579058989,0,1,100
0,868.605617416521,4.02812391328252,0,10,100
0,1073.02248810268,4.02812391328252,0,100,100
0,0,5.03515489160315,0,1e-06,500
0,0,5.03515489160315,0,1e-05,500
0,0,5.03515489160315,0,1e-04,500
0,0,5.03515489160315,0,0.001,500
0,0,5.03515489160315,0,0.01,500
0,0,5.03515489160315,0,0.1,500
0,1201.52975763337,6.40837895294946,0,1,500
0.0387706926653442,2533.83585661664,20.1406195664126,0,10,500
0.0387706926653442,2850.6771569283,20.1406195664126,0,100,500
0,0,10.0703097832063,0,1e-06,1000
0,0,10.0703097832063,0,1e-05,1000
0,0,10.0703097832063,0,1e-04,1000
0,0,10.0703097832063,0,0.001,1000
0,0,10.0703097832063,0,0.01,1000
0,0,10.0703097832063,0,0.1,1000
0,1927.19457668815,12.8167579058989,0,1,1000
0.0775413853306885,3332.42173561764,40.2812391328252,0,10,1000
0.0775413853306885,3595.18619518602,40.2812391328252,0,100,1000
0.0969267316633606,0,50.3515489160315,0,1e-06,5000
0.0969267316633606,0,50.3515489160315,0,1e-05,5000
0.0969267316633606,0,50.3515489160315,0,1e-04,5000
0.0969267316633606,0,50.3515489160315,0,0.001,5000
0.0969267316633606,0,50.3515489160315,0,0.01,5000
0.0969267316633606,0,50.3515489160315,0,0.1,5000
0.123361294844277,3728.80749472793,64.0837895294946,0,1,5000
0.387706926653442,4455.91348000726,201.406195664126,0,10,5000
0.387706926653442,4544.74384226113,201.406195664126,0,100,5000
0.193853463326721,0,100.703097832063,0,1e-06,10000
0.193853463326721,0,100.703097832063,0,1e-05,10000
0.193853463326721,0,100.703097832063,0,1e-04,10000
0.193853463326721,0,100.703097832063,0,0.001,10000
0.193853463326721,0,100.703097832063,0,0.01,10000
0.193853463326721,0,100.703097832063,0,0.1,10000
0.246722589688554,4222.18995147404,128.167579058989,0,1,10000
0.775413853306885,4651.9584797824,402.812391328252,0,10,10000
0.775413853306885,4699.91092244444,402.812391328252,0,100,10000
0.969267316633606,0,503.515489160315,0,1e-06,50000
0.969267316633606,0,503.515489160315,0,1e-05,50000
0.969267316633606,0,503.515489160315,0,1e-04,50000
0.969267316633606,0,503.515489160315,0,0.001,50000
0.969267316633606,0,503.515489160315,0,0.01,50000
0.969267316633606,0,503.515489160315,0,0.1,50000
1.23361294844277,4722.03182678129,640.837895294946,0,1,50000
3.87706926653442,4821.66804251087,2014.06195664126,0,10,50000
3.87706926653442,4831.88753663546,2014.06195664126,0,100,50000
1.93853463326721,0,1007.03097832063,0,1e-06,1e+05
1.93853463326721,0,1007.03097832063,0,1e-05,1e+05
1.93853463326721,0,1007.03097832063,0,1e-04,1e+05
1.93853463326721,0,1007.03097832063,0,0.001,1e+05
1.93853463326721,0,1007.03097832063,0,0.01,1e+05
1.93853463326721,0,1007.03097832063,0,0.1,1e+05
2.46722589688554,4792.95832779043,1281.67579058989,0,1,1e+05
7.75413853306885,4843.75636774814,4028.12391328252,0,10,1e+05
7.75413853306885,4848.90760410789,4028.12391328252,0,100,1e+05
